{"cameraMode":{"drawMode":0,"name":"Shaded","section":"Shading Mode"},"sceneLighting":false,"audioPlay":false,"sceneViewState":{"m_AlwaysRefresh":false,"showFog":true,"showSkybox":false,"showFlares":true,"showImageEffects":true,"showParticleSystems":true,"showVisualEffectGraphs":true,"m_FxEnabled":true},"in2DMode":false,"pivot":{"x":-0.2547471523284912,"y":0.23606544733047486,"z":0.1341414451599121},"rotation":{"x":-0.0771486908197403,"y":0.8851715922355652,"z":-0.15861497819423676,"w":-0.43053704500198367},"size":1.2247449159622193,"orthographic":false}